RelativePath,Sha256,Size
Collections\CollectionsHelper.cs,E8934D8245990505F0DF7CF7C741BC564C1EE7140FEDE531FA5F4AF95A92911C,3083
Collections\IKeyValue.cs,0928A54367615C913C01AD8D5FFDD597F00D243D0365BE4158334E12F280CD25,669
Collections\KeyValue.cs,2D17B9D2C1F15AE766577850EEDE14FC9E6291BAF767A1C881488C0BEBE21A74,2077
Common\EventArgs.cs,2149D32F723F3777D4019CB5CEC1B058BA8ACF99DB44FC5FDDE30DC59CA1588F,277
Common\GuidEnum.cs,D161E5AA96E070BCC24A4BF4AE1EF8883DF1A41735D300F2BB3910D898912EEE,10179
Common\GuidValueAttribute.cs,CCB3CB347980C163CE52567E7A87E3073744D8118A559CDC8A35F3B88FE90D6D,293
Common\Helper.cs,11207823DE06A7F534DE193CF5DD5111B97888D84A11B68E2238D8168A9E39BA,20758
Common\HiResDateTime.cs,43B760A8787E78AECB8A5FF08932098E67FC843DD8D68C9182E7A4B2C68F2D78,4291
Common\HiResTimer.cs,CAA6BDB1725F3EFA0AFD4D274FB12AC96DABCF6D330A12C8F615148B2BF19EFF,21065
Common\ItemType.cs,08BED138BDE1F54E37B75140337E8552431B4C32DA097F83552BC8B0B7335E85,928
Common\LinkItem.cs,DB4AD93D403E63086D3EC13752069DADA6B3CD2C7AE1F857035D620C683874DE,3610
Common\ProgressEventArgs.cs,4B6B34F4F2AC986851FDD764A9844C087C88CC141750335B8D5FA3252BFD9335,1642
Common\ProgressStatus.cs,7E3B1A9D069843A2E51F0181529B5FC6D077F92E5D1BE92B757ED176C4CF89A6,2034
Common\TimeUnitType.cs,48171CFBBE9A4DF871985C79AEA2D0F327AEC7FC5E6D523E2E389AB76C7DBE6A,1408
ComponentModel\BindingListInvoked.cs,1217A9670D48F92767F24993FEE8BA853EA855F36BE1F94F45F630F9375AC700,11078
ComponentModel\PropertyComparer.cs,0E73A9BB3A65299332BEB2803758A1BC720D0D76AAB5EDCF1AF84C866ECFE7DC,3839
ComponentModel\SortableBindingList.cs,0737D076B795496B42778C4222570EB35C0DE1F8FCFCDA18F3CE7204F5DE9E31,9630
Configuration\Arguments.cs,583FBCCEA5BB7D2A70679F8E56E5F2E0AE5CD76C6F502C5D7B82A9ADD5A3E2FC,6013
Configuration\AssemblyInfo.cs,C292931743BDCB68C7509E1A3C086E367956EEBC2F040F572D862F345789AFF1,15496
Configuration\AssemblyInfo.Ext1.cs,4490F005AB729C28694FB47E62C60FF0F7AF86EA008FD790FA40BA615537E763,4535
Configuration\ISettingsData.cs,344DCBD8E485879710255602FE25DB4F7CC87112FD7BC7BAA562007095922A0A,2301
Configuration\ISettingsFileItem.cs,46D446BA6CF712A66C1FCA1C3C36B99B091CE6D78D6F4D005218544F3D499192,1412
Configuration\ISettingsItem.cs,05E4DB384D69B99951F10364B3FB295FD3157F65DE8952EC78685FCD0DDE1220,561
Configuration\ISettingsListFileItem.cs,8336D7B6FD67A3D1FDF83728F3E89E9717C67D05E0C805C90170CF1638495C3A,1505
Configuration\SettingsData.cs,B6166D1D7B60CE7AB6F3959B6F54499CDC1281A1BA9C74C3F4C4276F1DAD2001,38201
Configuration\SettingsHelper.cs,D5A05350289084CEF40C8A15683BB1ECA48BF083527E41A91836DD79B8E982F3,10111
Configuration\SettingsParser.cs,1A83C3102E384497203AB1B90C4FED07500A01099C3039491499F17A27BDB2B0,5032
Controls\ControlsHelper.cs,56E925E9B5E65EB60E9DC2F6F5F68CBA6919313E2307070C351EB83E879B8D64,12398
Controls\ControlsHelper.Windows.cs,F32FE8414B40D96701E6C15DABA5DED9B57B118479477FF0D8BB0FFF059DB63E,59700
Controls\ControlsHelper.WPF.cs,37C617C75D2F2B2A0D514184245F18BFF9D11E874FE72BE5217338FB77E4B1EC,36330
Controls\InfoForm.cs,EF860859A695FE687571D590BE56762CB37CF4764BA1F822EA4C76935AC43631,6926
Controls\InfoForm.Designer.cs,74CFBD19E800D08CDE82A19657C35EE8213497A3A80A9306B2DCE070C05BEA55,11681
Controls\InfoForm.resx,27A3D7FB6E3F0E8A26EFCBFAE4075A7CA0F8433F73FA49DCA936E07E09DA0A52,6189
Controls\IssuesControl\IssueHelper.cs,62B6A9C82330406FC7F60CDA28099D444DD18D81EC37492635BDF378C8F6CD57,11992
Controls\IssuesControl\IssueItem.cs,9619272AA277A83A12AC0058A399CFAA42059FDFB38FF45273D8C2E7F58C8FA6,4713
Controls\IssuesControl\IssueSeverity.cs,2033834983B7B9ACFA600DFD4CB904862091AFEC0BDB0507322F902106BFDAD1,283
Controls\IssuesControl\IssueStatus.cs,BEFE5450339533BB122CB2B0266765FDE07A39A672E9E225E49ADD6128C7832A,136
Controls\IssuesControl\IssuesUserControl.cs,08AF769B2B934F57A1E288B39E0663FC8ADE7C5BC5EA3C4BB373E6A867D9434E,15058
Controls\IssuesControl\IssuesUserControl.Designer.cs,1BD3D8322D55B0A9E92C3727B4806BC0CA99ACAC5574D65B35AEE75542F0CFD2,17656
Controls\IssuesControl\IssuesUserControl.resx,5BD371EFF8650600CB3CF06DCF8391C0FB4C63929B20F5F78C58ECC87B3E7B06,7175
Controls\LogTextBoxUserControl.cs,442C9BB9D5737BC92A1DF6CF4C1A9144C5117F52705189FA03B842D7DD745780,3684
Controls\LogTextBoxUserControl.Designer.cs,C600175B7ECEA9A9981D6255E208274EF399C0DA81CDA542D5EA9404F68C4DFE,1996
Controls\LogTextBoxUserControl.resx,4363CD7D5B8671C72442CE1A1BFC10D64EBD24B2D718B54BD4FCD025E4967298,5817
Controls\MessageBoxForm.cs,C79A4A5875F6996BE468ADF201E7BE6191FF21471EDD5E508E9777D2B792828F,11342
Controls\MessageBoxForm.Designer.cs,72C6102D2B8C5B05DF51C48071D8AA1361E1985D070CBA38186AA6F30847F969,8553
Controls\MessageBoxForm.resx,4363CD7D5B8671C72442CE1A1BFC10D64EBD24B2D718B54BD4FCD025E4967298,5817
Controls\PositionSettings.cs,0E5B9022AD791205E383C8AFFA271BA5E56306474E57CB720B914414E6123401,9950
Controls\PositionSettings.Forms.cs,A5A45558117749EC44BF6E7AAE5ED0FD50870E8D16D6BD34504C14E2A59E6DA0,3455
Controls\Themes\Default.Forms.cs,4651CFF67DAB74F270FD59B1A2977E4D1197F3914D2C18C664E82D389D46B228,45379
Controls\Themes\Default_DarkTheme.xaml,3C84221CA264D0F46AF79DE55311FC08C765209AC2B0FCDED649FF126F30253B,5855
Controls\Themes\Images\clean_16x16.png,14E306F8C2555952D8F7F7ABA25B1D35CF9673376C8E1FDE6BD84F0976444881,505
Controls\Themes\Images\clean_24x24.png,F88F8FD8576416ADE73BDDA9FBDE574CF5173B986531D680A0C191D930887CF3,768
Controls\Themes\Images\clean_32x32.png,C7BBB133883EAD6B86DE0805C385A1555832CCE6E731B420AA636034CBB929F2,920
Controls\Themes\Images\dark\clean_16x16.png,E496FEF0F1ECD3D05FBC83370BB791C4BD870C11ED8E51214685EE17D7972CCF,492
Controls\Themes\Images\dark\clean_24x24.png,899A0AB4C21FF4BE4230F2B806ED92F57412EE7598DC8EEB7498D22843A0E892,750
Controls\Themes\Images\dark\clean_32x32.png,F4FE64FA322485FDB85D3B9917345CEBE008987C2403E1D5D8F208EBEC31A57C,906
Controls\Themes\Images\dark\device_list_16x16.png,BFB0C981C2A286FC27612C56654D70D68707DA46B40164E3454E7161526AB93C,306
Controls\Themes\Images\dark\device_list_24x24.png,2B8779430BE665A60FF1E32FD5EB42CCCEEE4D05677E46D58183C658118A2C30,540
Controls\Themes\Images\dark\device_list_32x32.png,0A620BDC0CF8DB2C52D818854A78BF6A1CBECC92CEEAC6584830C9E4BA121A48,715
Controls\Themes\Images\dark\device_tree_16x16.png,76F226D0E51438C931851AB6D4F9041E60240A226198DECB2602C0731C1E5C14,419
Controls\Themes\Images\dark\device_tree_24x24.png,F0B0E54FBF6E9FC1B1E954ECE25626460CCE6C6FDDFCA6EDADDE8BED45DD9C6B,833
Controls\Themes\Images\dark\device_tree_32x32.png,49C173D0791BAFC3178727D6186B39DF95AC1DFC130D1F7DAA8A58336E1047C1,813
Controls\Themes\Images\dark\disable_16x16.png,477AE1E8CC1355A63AD6A16437797180D904E713D1694E2C2A901EF4C77DBC68,400
Controls\Themes\Images\dark\disable_24x24.png,5D786CFEFD04162DE5E39F684B2F07D2BEF1C31F3D8DEF48F26C05AC7D0B11D3,590
Controls\Themes\Images\dark\disable_32x32.png,3F1DAF3E39667B8BEE64C7BDED8DE53E1DBCC66421F7DEC876509AFEAAA28528,682
Controls\Themes\Images\dark\enable_16x16.png,F798E096BEB1E95B059D1407B5212BB43812A282422E0878180AF57907465E9C,393
Controls\Themes\Images\dark\enable_24x24.png,9A2EF90C068CFF51EACAEB400779CAD8571BE7316E6DD1BCC0D3AE458BE9E61E,564
Controls\Themes\Images\dark\enable_32x32.png,48DEB476AC3DFE6471F878BCC73EFA9833F495612092A526AA700C2CF7F30840,665
Controls\Themes\Images\dark\exception_16x16.png,07533149C2CCA9159AF0786A4107BE3E46C2F38DAA03B5B3BEE78346E282EC77,413
Controls\Themes\Images\dark\exception_24x24.png,42C3B68BF49E59F6216BFBF0D2549FC6EC31CE650433D4C49AEA3E73A3E3E4EC,650
Controls\Themes\Images\dark\exception_32x32.png,42DDCEAF43D4CAA989FB2CF5943FE4E8F3C4097AD6980047FD2D34141E2B3C93,779
Controls\Themes\Images\dark\ignore_16x16.png,AAE3481B89003465040F6C8B4D7587371385DF6D536A38F05B35625C9FFAD992,698
Controls\Themes\Images\dark\ignore_24x24.png,BB2AD36C3A64E7555EA0BADA1F309D3A9195F9C8AB26A430B926CF700F6C7450,1280
Controls\Themes\Images\dark\ignore_32x32.png,3377D5E4CD9E60DA9D263AE8BC123EA573E0EB167D770E37CAC066E041DCB723,1735
Controls\Themes\Images\dark\logs_16x16.png,900FE5470A6F71E205CC9B5CBCDC245C8C00EB3312E0265734065911C8AAC192,404
Controls\Themes\Images\dark\logs_24x24.png,53377C846EAEC416A3C69F6DF5638F6162CBC6E974799C0ADEE54E5E24402BE2,729
Controls\Themes\Images\dark\logs_32x32.png,AD31F0925AF9E01029D9E5E9A42EA3DFCCEC4727BB76813F05094784078B4D9B,728
Controls\Themes\Images\dark\MessageBoxIcon_Error_32x32.png,C9D9C48A0E586B184025782C8C68D1924CC573C1502DD01425C817354FF3FC49,1207
Controls\Themes\Images\dark\MessageBoxIcon_Error_48x48.png,77394C345517E5FF4830363ED22C699749198C66326CFA772C1661F29EFAD699,1695
Controls\Themes\Images\dark\MessageBoxIcon_Error_64x64.png,501CC6A4EB05DAEB96A0FC480D4E04CF1E94512EFA4A5FA5C2FD8CF50AD83D32,2020
Controls\Themes\Images\dark\MessageBoxIcon_Information_32x32.png,DECB8243D98D74E1F5AB2A803737426BDA1465042B170E5ADFA06DEB9EB69E0D,1074
Controls\Themes\Images\dark\MessageBoxIcon_Information_48x48.png,D294BA1CCA8B063099CBEBFA1BBC7723E2DF0767EB114AAE10FAADF578C2DADA,1501
Controls\Themes\Images\dark\MessageBoxIcon_Information_64x64.png,17F8B206C52F2A9AEB3541A8E00D4B9B2B7A68AA3F482430A9AC6E7B7BD73F9E,1734
Controls\Themes\Images\dark\MessageBoxIcon_Question_32x32.png,BE1F3377205E5C766461ED1E17783808B957229C02856EE74CFEE0352D64B2C3,1334
Controls\Themes\Images\dark\MessageBoxIcon_Question_48x48.png,431353EA7B8C0BD595831145EFF93E9F58B8CFC2E860F7C2851F2EDF9091CEF0,1990
Controls\Themes\Images\dark\MessageBoxIcon_Question_64x64.png,5191BE73E4E91C90E71B469656468D9E873C08C7EEFBDC1F250CDE12224C882A,2310
Controls\Themes\Images\dark\MessageBoxIcon_Warning_32x32.png,E28A75FF2351DA5FD8B51CFEE14C23745F87FB71ED637610A41B8D6B936B44A1,943
Controls\Themes\Images\dark\MessageBoxIcon_Warning_48x48.png,9BAE20A0B20E3886F5F9CD77EC9C9A833DC0942A3629381D34747CD9328F8B29,1376
Controls\Themes\Images\dark\MessageBoxIcon_Warning_64x64.png,67E9F0182A97736BE05BD275B1341AD21667F0B9CD4D711C2D414B45654ADB46,1536
Controls\Themes\Images\dark\refresh_16x16.png,9FB2BC207EEC7F38B0A122F7EB9306029E1A2CA1097CB0D109B2F4F581729D05,651
Controls\Themes\Images\dark\refresh_24x24.png,A98CBC4A81494DF1EC9EF7E20776DFE443AE6770F4A282053BB03E162B8C5C92,1002
Controls\Themes\Images\dark\refresh_32x32.png,A6EF039D7FEB3329D980D45A5D4B322F150CC2E2395AC1C4ED5BDD3D40A95EEB,1273
Controls\Themes\Images\dark\remove_16x16.png,75E374137C91702A91930E38A69E4E4AA5B38252F9529091810CB00916315566,483
Controls\Themes\Images\dark\remove_24x24.png,CEA91562CAC1B24B23AD640B92DB729D0C82519A9499BEE800FA96F8A3FC4361,716
Controls\Themes\Images\dark\remove_32x32.png,EA3907BE229C079E302AF38A7F343EC4F1C591665D6A313D42D0E9A709963A8A,980
Controls\Themes\Images\dark\scan_16x16.png,F7650E70DC41D8A62CCEF6643DD55ABA9C581E00A6FF6577912AC0E95D285DB0,544
Controls\Themes\Images\dark\scan_24x24.png,8C138C746CE45C6B3157130A28B55B03E6A50C2F160A96940683EE5892FE5107,852
Controls\Themes\Images\dark\scan_32x32.png,D733FCC6D1C9EF7CDCF7F1974346618C77647C3E6FFAAF26AB728539AFB8A482,1283
Controls\Themes\Images\device_list_16x16.png,1B8F3EFCD3A7BC96013B948FA615C58E106EAA664551AB8DF121B08A79E1C39E,317
Controls\Themes\Images\device_list_24x24.png,CF948FF33B9BCBDA8898DD8D57F1A63A4DC5791ECF40BE719A132A0619D07CE4,562
Controls\Themes\Images\device_list_32x32.png,2D2933FC53F06682231245779F20D3B1D0D453BCD22A96880215E5C2ED2780B3,719
Controls\Themes\Images\device_tree_16x16.png,AAF4BA798C5B161849040634D7E6CA2A9B3F9DD16F462D03EDCC640F8F07DB82,417
Controls\Themes\Images\device_tree_24x24.png,90E0A3EE948B82633BC4758749EA249ED26A8F359A56C24DDC700E70589F0B34,853
Controls\Themes\Images\device_tree_32x32.png,1B535A214AC9FBCDA0CA50E1E190B5DDCCF9FD770D6FBAB1F0BD71F647EC411D,805
Controls\Themes\Images\disable_16x16.png,C552B19472D98D79C1D57C2346432B4264B0764EF31BE33940E24F858523D624,417
Controls\Themes\Images\disable_24x24.png,49030EABFF99F0FA04FD232AFDD2A8F567AEC9D59C9DD3475E911B71DED388CC,602
Controls\Themes\Images\disable_32x32.png,291488B13F6240953864EA4049B8598568BFA73043F0B496D35EF61C3C5BAF68,699
Controls\Themes\Images\enable_16x16.png,0BE9C55F402071B6C7DF887CF81EEF154A8F446518B2DEA496EC92E34A2DD23C,397
Controls\Themes\Images\enable_24x24.png,2B89EDF577B2FE73A34356BECE41EF99104088639314F0DF625B4F2055B55A32,574
Controls\Themes\Images\enable_32x32.png,660379EB84BB6CEB277EC1750CF6117FAA2C1ABA26C7FAB4351D7A753D2CDB74,684
Controls\Themes\Images\exception_16x16.png,D99CE8443F9227D4D0FBCA8E72FC284A65216AA5A2B4972491362B7C60C32829,422
Controls\Themes\Images\exception_24x24.png,51E6AFEDDD5EFBF6C4B04EC5C5AF16897CAAEFA62F92FAF52EE616DBA47F78A4,667
Controls\Themes\Images\exception_32x32.png,9A6E652995480B1F1E61FA41B5BAAD48B48A331931540D6B9E906B5A06B6155F,800
Controls\Themes\Images\ignore_16x16.png,B09470241B3BDAEEFA8CA644A3C59704DA46CAF517CFC47AF73DD6151C6A4B66,719
Controls\Themes\Images\ignore_24x24.png,56A5506D46E20739F62B61D0D2C1C140184F5D7E1091BE7357EFAEC1A1DB8D7D,1313
Controls\Themes\Images\ignore_32x32.png,F4B515BDDE43567F3893AC15B7F2CE41A04A37658869DE8565CAAC31F2B7F3C9,1780
Controls\Themes\Images\logs_16x16.png,480B652290CB4DB2132E19377A08B533A9B8A1A2A9414C370A7930177793F80F,408
Controls\Themes\Images\logs_24x24.png,99B9E69E9A63F0D619D3471A6E5209F3FF745689735200246893E3291056BDD7,753
Controls\Themes\Images\logs_32x32.png,85F413BDA89AF8A1071238D1C20D5AD8D579B0C73A4CA1DB226B8A8E081CAD67,729
Controls\Themes\Images\MessageBoxIcon_Error_32x32.png,9238D4EDCF7301C4AA93E8DA96CBFC432A981DED32C345B0197AEA655837583F,1248
Controls\Themes\Images\MessageBoxIcon_Error_48x48.png,E68EDB7D6184935F69079BC7DD7691C6D7C49826BCB0C782F0F8C9AA3A6310FA,1782
Controls\Themes\Images\MessageBoxIcon_Error_64x64.png,839AE49F783FE767884341A7F060213953C8D0B4F7596142D484654C4CE3B2C6,2048
Controls\Themes\Images\MessageBoxIcon_Information_32x32.png,0AFCB4D0F4DB5B2B28A32086F9C19776B0110076228065951E60254EB6EDA43F,1108
Controls\Themes\Images\MessageBoxIcon_Information_48x48.png,DBE6E58A55283B30F75F70BD4128CF276C8D2E7ACF75EA91B37A4164F14719C4,1514
Controls\Themes\Images\MessageBoxIcon_Information_64x64.png,0118BEC6EA6551F6FE816FF18D2337E5C8F166507B6C297DB19A783BE1906F56,1744
Controls\Themes\Images\MessageBoxIcon_Question_32x32.png,4CD98E3F748762004732E1F8E53FCDC0E2C566D3AF1CA8E0F4131C1A3ADE849C,1351
Controls\Themes\Images\MessageBoxIcon_Question_48x48.png,E4D68320AFABEC6742DA2FD9C02BF902FE562227292F04BA031014844912D00A,2027
Controls\Themes\Images\MessageBoxIcon_Question_64x64.png,5A6669D78E25448FDD97D1A984F35AF6C5782BFCA5303917B8CA4B8CACE92E74,2340
Controls\Themes\Images\MessageBoxIcon_Warning_32x32.png,05E26F6DE74A7D00E065EB7C8393D17293A51892C94B1E5F2941C4F61003E367,952
Controls\Themes\Images\MessageBoxIcon_Warning_48x48.png,D9630298BD91AE931166F0C111730D6EDBBB85A7D876ADF11D269AE24344A07B,1384
Controls\Themes\Images\MessageBoxIcon_Warning_64x64.png,50A5B1C38AC5E0378A75A9227FDBE6F285A43AA0653159B745AB58A5A1E057CD,1573
Controls\Themes\Images\refresh_16x16.png,59C2D3A810E68E49849A4F01421C16B85565332543320C7DE16E7600433A5725,661
Controls\Themes\Images\refresh_24x24.png,DC969E3FCA3446E0849FABC8A17883679977538DEC36FB0C466043B510AAADC9,1024
Controls\Themes\Images\refresh_32x32.png,E7D2A224128B89B588D648F3B08F4B0D5F55921A2ECBA89717424883BCEE5D74,1280
Controls\Themes\Images\remove_16x16.png,252FF45DFFD52587D0C08BF9D4A4CFE7C59A6CDD24C7C73026EB0A348BD04516,505
Controls\Themes\Images\remove_24x24.png,79A025DCD5830AF2E264B70FA06B0EEE80BBCF4FDD1E2EBC0DD458038B6D4A5A,741
Controls\Themes\Images\remove_32x32.png,F695D83C4BC0A5F3ACAB0AD5C4A093DD67AFBEE0539C984DB72B77457FDA0B61,1014
Controls\Themes\Images\scan_16x16.png,B60635AC81D537307A1EF9C4E1D9D8D06B92A280443087E3F4C39590558EC176,552
Controls\Themes\Images\scan_24x24.png,64038081AC922D50415E7341C758B6118B3BB338CC0FA4CC9213ECDD79E31A00,879
Controls\Themes\Images\scan_32x32.png,749935CBDCCA85220AFD0E76F67C219EC91DFB40C0189BCA9656A1BF01279F05,1303
Controls\Themes\ThemeResourceManager.cs,DF7D6C9F59B7AEF0FD80A6EBAC20F8DC5A06692FE27ACC4CA4D481780144A677,8344
Controls\Themes\ThemeResourceManager.resx,B53F6404A520F27D6E5707C985FB72D3570492FB4AAD5C30DD0DD407F8DBF1C0,29653
Controls\Themes\ThemeType.cs,9F66FCA90C6F7F363302A270183BB96EF5B33B18300A9116101A89C032A3244C,137
Controls\ToolStripBorderlessRenderer.cs,EE0569422B2DC172FBF037342C0716B1E9E24589216AA89ECE74D53893E01AD3,581
Data\Linq.cs,0329D068B9F24E8AC96723D2E2AB0D4CBD9842D9D3419D4EF60A029BF8765D26,12717
Data\SqlHelper.ConvertTable.cs,2C200296B24E082CCAFE616E1222ECD133C768DD38B12F480AEBEE4086201830,10233
Data\SqlHelper.cs,C68207A34E0CDDBC0B315834EB85EB61AC1F2678E13883604D7F22FDB5A6DDAC,29696
Diagnostics\RawDataLogHttpModule.cs,1BF0C3A1CD9F016AE7E870654B50BAD4DB1DD137E8820307BFFA2B6FC4E7BE82,6364
Diagnostics\RollingWriterOptions.cs,1ABE77BAAFA1E6BA0051C3DD820BE8F4BA0D26E2050DEEC275DA7B4911646B80,5734
Diagnostics\RollingXmlWriterTraceListener.cs,4437358680C91D8B9AA209E40FA4B60440AB45EF8667CEB54E3285662CEE26F3,4995
Diagnostics\TraceHelper.cs,C4086FF910390D16132401C32823500AA4BE87AC13F310F03472CA31C1860736,17988
Drawing\Basic.cs,E984988EFDEDAEE480C1DF8156B371F2A932557446D728CAEC48E461E6EA9E0C,14003
Drawing\Effects\Common.cs,B020F988755E521B86BDEC995AFBE1D86ECD43A9E962A1E2CAC1E3993913FDEA,2209
Drawing\Effects\Resize.cs,5A423ED4DE0D9EB4AF486DBB0F30643FE722C9967930A04231AA665AEBE52258,2276
Extensions\IQueryable.cs,C34C0306977706D824E551D58F696DD225BFECA195630542A31EC391E2F0A51A,2774
Extensions\ReadMe.txt,76B11C2E60BF4A1E9B68C281C7A3AB985FEA94CE4C467EB026D501412C06DCA3,127
Files\Zip.cs,CDBB68D9369149017D0864C5E70BE045F7CECC685B4388128A1F0637284F0DA0,4949
Files\ZipStorer.cs,73AD02644803FE3B8394992B50310A5FA8F24B269B57BE40192C7DC12A53FF6C,41109
IO\DeviceDetector.cs,C969690823F1E56597DCCA8ADA15BCA0F1C0574C8A2A0ED66311B8A5095BB1B0,44614
IO\DeviceDetector.Drivers.cs,FEF1165408AB79EA4FDDEAB372AB05232536E3E7C11CBC5B73B222EC11DC2564,4410
IO\DeviceDetectorEventArgs.cs,F09D06D3EFFBFD1E82F921537BF5709FCEBDF72EADBFFA4E847D3D8997C0ABCC,1196
IO\DeviceDetectorForm.cs,BEB1023A8AF35E6F4124871CCF4887150D2ACDA7BFDCC89C99E9D332B21DBBA8,1128
IO\DeviceDetectorForm.Designer.cs,67A9A1FAF12EC9AF06F6EF380E59CBD99C702D8E244AB98AC5F02FBEEFAD8284,1753
IO\DeviceInfo.cs,4B4C8BABA330BAB6BA54BEF1835AC5792A4B77C96D91894EBB48FAAA0AC751C2,2615
IO\FileFinder.cs,B07357FB807A7AC9E602E19933732DD46A8D3DA9634A078AC881F5B75C7E269C,7969
IO\HardwareControl.cs,2DF9D9B9E0B592F3050511EFBA66E651118F7B99DD2CDC1DE2443C4C7B64DE16,22169
IO\HardwareControl.Designer.cs,3A89C6C4DA1A5AA09B28328D8A699D374BF73274C1EC79ADC3FA652721FE8445,35143
IO\HardwareControl.resx,2AFC2D14E0026F6AF9B424305180384ADFFAC01EA858763163EA0581DC9A9B75,8909
IO\LogFileWriter.cs,8C97DB9584755AE2FB09342BE71EEE23CA36351F340B53C4F486BA1A358E8E40,10975
IO\PathHelper.cs,FADE20C81ED2AF11D37A06503666B70DFD88E31F12C9FC09E30D01ADC3DECB0A,8122
Mail\EmailResult.cs,A5E84066E7FD04F6C78496D1EB3CF89D4774559E1A65F09C370C8F62BD28755B,369
Mail\MailFromUser.cs,449E5E310D866DEEB32611A4238E4AFC57CB89122DEE71FB06F40FE7F28C1FB0,117
Mail\MailHelper.cs,415718569CA919F53C34ECCEBFC113388650D53CAD9E216051C840AFAD573ED6,13491
Mail\MailMessageSerializable.cs,174179A8DE2474AA201B57FD0E50587EC38614A55320A928FB80AD5AD00CD073,4388
Mail\MailTextType.cs,C2F36290865AEC3421601E61980472969DB1E8D55CA2BD26DAA599A2924E131C,186
Mail\SmtpClientEx.cs,FFDB6ABDF351A8C60F3A139405E7530043A8487A7819557A4CD2E4A35F13EA74,11484
Network\CheckNetworkState.cs,12457BEE4AAB9543239753C4FFC1F0F6224FB83BC433B1B44CB12D6245095DFB,1148
Network\NetStatInfo.cs,6271E4873D023CA400D2A2B9E8E0F87892B06C3DA5201F9FF9179C30D1F1A5B4,9210
Network\NetworkHelper.cs,84A317F8D26C86C0E207DD737F45917E31A4F9B90E9614A828019F4CABBEC45E,20074
Network\Sockets\DataHolder.cs,6B1F90C38CFEE6E8089FE2EDB889AA79D11806F9FB3C789D64B0655B273014F0,3280
Network\Sockets\ISocketMessage.cs,17EF18E966ADE0DB132C1B22F8353C31B7A596EF61B8E9F5B5DD3D1E3FAA69FF,373
Network\Sockets\SocketDataEventArgs.cs,AADE6855E024B937A992E1ECE128D4B6D121F41769765498BE777CAB67DD8718,617
Network\Sockets\SocketLogFileWriter.cs,55CD07518313E628818EEABF73B56A1DEEC2D720010DE1955D81A3E1F986EDDF,6795
Network\Sockets\SocketServer.cs,7A366C1237FD2495602DA04A371B9B41CCC6A17B6E9ACE1DF80D130006400F1D,85340
Network\Sockets\SocketServerEventType.cs,36AA4BE77571F1BFDB6797B7F283215D1AA6406B490FF92081108B2EC4CA0825,557
Network\Sockets\SocketServerState.cs,C792558B17D1CE1B38B5EFA52D751ED03F08B60F7C6941A54587642577B526BE,7137
Network\Sockets\SocketSettings.cs,D89E50408FC95E11CDD737058878986102A695F23EE8CB45F7F49BDB9B3671A7,10259
Network\Sockets\SocketState.cs,5D4479740001AF27BA036B5A922DC3F12A33BDB51D80F5622D20532E64776E76,1657
Network\Sockets\UserToken.cs,75FC2D8FC314448CA891B243D9C10C4D02659B243083F1BCA54005CCFE90B83B,3936
Processes\BaseHook.cs,A71DD53124ACB3A757EA030018D8472CDB8B6636F852DA3BB6D1BC10EC4A9E02,9901
Processes\CURSORINFO.cs,5B84F63BCD8F5CC33D572D459A555EE14DC490312BF4F60B07BCB4DD2E27D5C5,573
Processes\HookType.cs,77B9158C1D3423971D6E0F6E7623CFCCC7FE21A85D952BB3790F329F1F24193D,459
Processes\KeyboardHelper.cs,3662C583E3FB21F0099D8D2613D6FFA97DD3FA2A3C1A447A392C59C3586341F7,16003
Processes\MouseHelper.cs,51B06A7BB9A69B5F8828BE8E68483724EC0A85F7A1F7CAADA88ABA1EC47DEECB,9699
Processes\MouseHook.cs,8DD898354CD7840029187D73C38889A0610654D4B21C02EAC612681FF3D10FA7,12033
Processes\MouseHookEventArgs.cs,0A257A2DF382A62662C8F2239D0E3D38DC38261DC281E278550553853FF91504,978
Processes\MouseHookStruct.cs,30657A7722C792FCE4EDBB4FF4731510AC4096EAD58924B7A628BFD3D5B408BF,807
Processes\MouseKey.cs,FC3D00A6730E539FA055A7FF338DC054689D3811F406E075AC4F8A13AC2CC2E5,665
Processes\MouseTouchEventArgs.cs,B8B775CF7B7368C97775EFA12491A708EC41D04CAD8E46290D0FE529F16C8DEF,1594
Processes\MSLLHOOKSTRUCT.cs,71D9D6945E910B8B7936DCF12B1C28B7E88746CA13E28D1CAA47787BCFD680BE,1183
Processes\ProcessControl.cs,445E997A7E7D9B21EFAAEDB9042E35E3E9693583DB85E23EE3C2A0D7CB4F5692,11455
Processes\TestUnion.cs,0ABD0C584192EBBC4795D3A2949DCDFE5B40D18C54080085C9C67A86FEAAD2CE,605
Processes\TOUCHINPUT.cs,50BAF8D958AAF13EB039B0A7A986EE883BC6A6EAFA92A8B3463D9FED9C36F971,541
Resources\DataPriority.cs,FBEB2E42DF6A7F814104FECC1D6144EC581C526A8C5F8A6AA10CFDAD6C31D2EF,938
Resources\ResourceSection.cs,A4FB80DA162597F3DF5C95E4A139B021588C4D7051A3B85A477BCB642F908922,323
Runtime\Attributes.cs,4C974F10BD7C092536D371ADD9E777D485C17D37EE0D3F59551137F8234147ED,12959
Runtime\ChangeState.cs,71CECDF9951D6ED2FBE5BA27BFBEBFBD2C44ECC4E11254730B892240947F4C26,895
Runtime\LogHelper.cs,F1C8F69BBF850D0C1506BB384EF2DF29A44039942AC9F0374391DBC6C7DCB883,29595
Runtime\LogHelper.Exception.cs,A4FF168BE88CB3110AF51A3177398A75570ED83E8D0622071A6629CC1BD1DBC7,17837
Runtime\LogHelper.File.cs,4A4C640F3C436453413321081E9FEF46F5478D97D7E59BCAACB593BFEAD1553E,4576
Runtime\LogHelper.Mail.cs,A2A26B9EE2DFB7C0CB7FD6BA891337703AF84CDDF01CCC0A45664F55A63D3B3F,17144
Runtime\RuntimeHelper.cs,E2977FEED0CDCD63468A6D1C468DE43B75377B92BEDDCA98C3D7E4BCE5BE5B65,22724
Runtime\RuntimeHelper.Entity.cs,F0EEFFE084F33AB8748DC0443E3048CC6DF289CD54151BA13BF8F37A178608A5,6984
Runtime\Serializer.cs,E66BF04696BA462E98C19E88AD7B39802E977F9752D855299FE32F2616FC9BB9,24044
Runtime\TraceFormat.cs,9AED19FE6187F184CC95F92F10ACC11C9EEA36CE7261D0D77D54B14C3D2A98FC,161
Runtime\XmlValidator.cs,1CFEF52461B8C9772D3F1C79BA8E8F068FF4CBED228DC74F465B161853C37404,7271
Security\AESHelper.cs,4DF49832632BD017989A66AA3A9BF26AF2D09C47A70604DF7A7E1B158D976208,12171
Security\BuildInRoles.cs,AD71C8AD491A379FE786B6740B052D65A3DDD475E7BD842EA322D78C62EA8C97,503
Security\BuiltInUsers.cs,5F9F4C6B50E9E5032B10ACD09753B4B2A67C7BD934E2D1CA2F0C64EFF82A2A45,502
Security\CRC32.cs,71D1AA033E6D9F83ADFD923275288B086038E6537279A8F152DCAD272543BC8D,3765
Security\Encryption.cs,2962B29ED2D28054C755813E5D37A9468AA650AF2EBA700DF0317BECB04A209E,16912
Security\HashHelper.cs,2035C591B5786F5EFB10608CD93823056CB9B4F35B1BF54D56D46C524CCA053E,4622
Security\MD5Helper.cs,84F1DABAD102F11C7385ABCB1BAFF98AC2135F68B6D5249E86B8C3806308013E,2771
Security\PermissionHelper.cs,C74344220FD2A341D99CE0FA2B5D0B037E84897AE006821FAA2040984F87C6A3,21264
Security\RoleQueryName.cs,A8BD0B9D7CD5BC3A0B90F9135964C4C1E78CC97AEE07896D490D06C57412B244,126
Security\SecurityHelper.cs,8560B5C12AB17C1D9DF5DA29BF64378ED70F7AD182A71894C1507DE9E092189D,4194
Security\SHA256Helper.cs,BE1C7E06C7BE6359D208766D7E3D4DDA602EB101BD46EB1D49E53E4E6552C4D9,2755
Security\TokenHelper.cs,50E2BC9EAA8FE92BFC16B2D7A07DCBA6EBB66A5AF0B0E22CE4DE85E7A0D75EE0,18681
Security\TokenHelper.Web.cs,BB3698881A7C03229E5B009FA51FAC129116B6D1C9958A520433D026F16880DC,2739
Security\UserFieldName.cs,22BF1B1967531E5997DA030688DACA7483BFD644B4E47FCD094164475F613A0F,553
Security\UserQueryName.cs,011217CD9746DD1241EF9D2107C9706C6AAFB35DB25CCF902041F8E0779CC6C0,126
Security\ValidationField.cs,44508670123877B821EC00510950C7F3D377B25AB020F22202496E3EE3B591F7,419
Services\SimpleService\CtrlTypes.cs,0BDA09C11375836711664539CB2562FC5F242425995D83263441AC7257F26BEA,1565
Services\SimpleService\ISimpleService.cs,3B2CAFEA9E06DED6A435974E878EEB6CF222396684CA30E92173CA83307B6199,873
Services\SimpleService\SimpleServiceBase.cs,0D6C91D956234A9F26090EA68D8788580AC495DC3B209238D301F0EE5B24B428,15266
Services\SimpleService\SimpleServiceBase.Designer.cs,AF7A3B09BD4729C8EC13DC2249D138DB1A7B70CEA49CA0097CD07D6CD11DD4BC,1006
Services\SimpleService\SimpleServiceHandler.cs,54F061BD30CE5914A460A2FDFA2F43EA0CBE6FB5D6CECC6F1037FA106AB8BA66,1748
Services\SimpleService\SimpleServiceInstaller.cs,46E1DA213BDC188FBD2DFB585495B5EA0F38FFD2B2CFCCDC42B85BAF08DC6570,333
Services\SimpleService\SimpleServiceInstaller.Designer.cs,9E2ADB7A656895D5B104E949306EFBC1C1B47463B4A51E72868ABF0767B5782C,2484
Text\Helper.cs,4FD04800E0E8EF416B430AC9716FD697DE13544584523D067BB90EDD1CFF57EC,21857
Threading\QueueTimer.cs,535C070C1E987B6A009BACA451E2953D99F72E8180504B4935447AF2013763E6,2910
Threading\QueueTimerEventArgs.cs,8B507F8DFA5BE4212521EF57A7636C35F8051CECA431D291328C102CA8845482,514
Threading\QueueTimerSimple.cs,1851BF6D43F1CFFC7F0A46F493F351AAA758719071FE515CA4117D332CE2FB3E,13096
Web\Services\SoapHttpClientBase.cs,0B97777822A6C6B4CD0DE00A2AB7A93505A48CB0A8F433C562C565403433525D,9081
Web\Services\SoapHttpClientEventArgs.cs,F9E97DC4B04885D43C52E3D1B77345C514EFDE77BEE3A19B28B608614FCDD076,494
Web\Services\SoapHttpClientLogger.cs,19CC5FB01A6C67CC838E04E6270E3A6410C9FCEF4B8D8445D012F592A91AE32F,9123
Web\WebControlsHelper.cs,A0C08E915029067D71CDBB52EB985C7560E1E3C4114AE92E170FBEBD12FAC403,748
Win32\ABE.cs,C72F571D7B2FC8C9D8BDE352D194D2C30BC6F028C16FBAFD482A0986F9C29FAC,151
Win32\ABM.cs,D9B0A9ED3220CB345760796A064136EFEC5C42F538E758DEE8D55DE149544D7F,1527
Win32\ABS.cs,57EB96ADB130CD725E778A13A05ACEB6500BBE9440A13D7415E8A8575A35FEB8,164
Win32\APPBARDATA.cs,7FEC785FC3BE7693C3DD9CD0B0D69AA0E99973BEC51B51FEE8E712A5B64BCE3D,451
Win32\BIND_OPTS3.cs,34C1F49D300EB3EA74C13B2224A00028964B5FE99359D7727BF59E64392B52F9,484
Win32\BSF.cs,B6D3725F7AF6AC55C2DD6CACA7DFBC197EEC414837BAB7C373F550863C01A6A0,1606
Win32\BSM.cs,C33E3E37358D468E5CF806EA085F2D390B4E777D828E9DB7305757FA79EE12A3,452
Win32\CLSCTX.cs,9F3B252DAE0A743C3F466594F2CE44FFEE66E1196E62E7681FA10FD0101BD5DF,692
Win32\CR.cs,FE58D7CC9F3B9920191FAE8FD2E1A908AA20009C9A23E00933E90C911D770C5C,1742
Win32\DBCH_DEVICETYPE.cs,71391EF6ED5228FD60932A6CE0DB9A40E9B8C2CE555C9C5D6C0DED80173790A3,786
Win32\DBT.cs,366AD4F5838C446DB44F338D34D14F6748189A13D093A92C7D2962578588B619,1564
Win32\DEVCLASS.cs,57F205657E7752243D7481D397872535167985FE9DFD69199636B25A64396939,7903
Win32\DeviceNodeStatus.cs,6FE2CF42AA725D6495151B5CF45A8EAB2D5428AF014C53ACD36D8EBB56D501F3,3115
Win32\DEV_BROADCAST_DEVICEINTERFACE.cs,EFABB0E4675F644645CDA3FBC7FED4BB0E0EBC1D908A31577B95588D79B0F62A,605
Win32\DEV_BROADCAST_HANDLE.cs,678B75CB7187A881754AF5BB0B002F68A8B22A5F5A6D1A11402C9395DA2CB27E,572
Win32\DEV_BROADCAST_HDR.cs,816C6B5BEB2243D180533E0AFE6C37BE5CA8ED23F0541C860D10236223B43EB1,423
Win32\DEV_BROADCAST_OEM.cs,4434AF3A80DD3EA7894D228532A0F1215FC6476B5342651E5083203FB0DFCFB9,416
Win32\DEV_BROADCAST_PORT.cs,6F8D19F451ECDACE7B2984369AFCE4DB338855A2FFBD9C28837EE0F6BF4D3199,439
Win32\DEV_BROADCAST_VOLUME.cs,94FB124BE8B17FA31B99FB764DCCDD484646CFDFFE093F04D7F7526A0BFAF515,633
Win32\DIGCF.cs,FC84C160A8B6971DD0F624C9F7C56B87E379249860B1558A0021C38B3B401E36,1122
Win32\HIDD_ATTRIBUTES.cs,8D6E5850472D84A968C0BB0F2384CFE123A2CBF5FC82BE3E3D963DB85A8CB2B4,276
Win32\HIDP_CAPS.cs,45CF5975925D490B0E61640EFB56AEE4535F2DF451526E6614153E518AF8C43D,823
Win32\ICONINFO.cs,C92EF4C48700DE21054CAF0EB70A9EDF966C371A07E82DDD07A240EE19236CD1,790
Win32\NativeMethods.advapi32.cs,3494EE9B1BEA1A16E127DA1A720C3B48D6B87986F79AA0C96D0B612EBDEBDDA0,2670
Win32\NativeMethods.cfgmgr32.cs,E2858C0CEC419CDE53A67C1FE879E9C59EB9D1211ED1AF99305DDB2DA5A1EC2A,748
Win32\NativeMethods.cs,2084AF6AC49B6E25EEF69C57DE96D08A427F3E8CF2CB71A3B53130126E742043,4391
Win32\NativeMethods.hid.cs,C24EC3C7671629546EDCEA0C6AA9C1DEE119B1089FF286B80109DA3DE4743E2D,2180
Win32\NativeMethods.kernel32.cs,0C37E45C2F3C42AB2566BE282EA738C9E97EEC597770FDD1F3F8342073AE695A,9994
Win32\NativeMethods.ole32.cs,97A2BFB79F6161A7F345090C36B4BAC5BDE649AE15830A01E1AA2BB59CF6D56F,456
Win32\NativeMethods.setupapi.cs,8976FBB8D55FD3BC287CDC4D1171C4770440BB403C1376BBEBBA9109EBAEAFB7,9651
Win32\NativeMethods.shell32.cs,44E45FDCADEEC27B0BA2DEECFBEDB8D094ED5F5E23CD394A57EF81F7995F3E22,302
Win32\NativeMethods.user32.cs,79D1EA5589EBF97F22597EA742A4CB72C858E56316A6D6A53ED0E0DAC98E1ECE,16240
Win32\PEReader.cs,45932A3E5714653BA0FA0F8BD39D72F348E5D8283029D5F00C823674EDE26C51,17431
Win32\POINT.cs,B7CDFEAFA372316BAAA390BE6ED84C3EE762524D5CEC228A84D1521532D29D31,504
Win32\RECT.cs,A65E2ED0EA0B6B80A79019854316E77509A1AC959C61E8213824939290134093,240
Win32\REG.cs,29A9E439B23963E39CFA7ACF8868DCA1B28D10655BC9770FD41B11E45EE58590,2480
Win32\SafeLibraryHandle.cs,3CD2248B11B7AAD3847DECF0B75FA4EA22828F3E940D4991D45EE61B0E647AF7,508
Win32\SafeTokenHandle.cs,C44F2E83F5D5B7BE0FA3E6A83A20B4CCF98166523A650FF885947C8A5890B4EA,518
Win32\SID_AND_ATTRIBUTES.cs,4B2C529096219B651BD156E347F999BC078EBA7E577E25F012A8D347FF20CE3B,417
Win32\SPDIT.cs,0A20DA140AA2138C335ACA6852A2E958BA2B0ACDF6971EBBA131168AD3FF887F,461
Win32\SPDRP.cs,60BD3451D2BCB992EEDEA9E87E548BB1DBBCA5D520F744921FA0EE777EBB031E,2873
Win32\SP_CLASSINSTALL_HEADER.cs,9A6B7C851BD82115463C2D76479A1745D6CF048D0DBB791B3E730D8A19D1939F,249
Win32\SP_DEVICE_INTERFACE_DATA.cs,D12B848C9F7654A62BD36A09EC6383F1656CF79D6642FB1526EFC613889021E5,421
Win32\SP_DEVICE_INTERFACE_DETAIL_DATA.cs,98D816437179A3BEB152B90549AFAF5F0A5A3FFB70D4164B1B1EFB576526EB02,512
Win32\SP_DEVINFO_DATA.cs,53E5A8B602471931E15C4E034FA2A894AAEC5A1F3085DBB0395A9C854A148081,584
Win32\SP_DEVINSTALL_PARAMS.cs,19F9E7BC1C10A72748194E9C9D31DEE9D7BD9257E758CF5753962B54513D9157,726
Win32\SP_DRVINFO_DATA.cs,4BFC91EA2D2CA41FAA20A0C657A5513E7A7070C05AC79FAB1EDBCAFC74B26E2F,1319
Win32\SP_DRVINFO_DETAIL_DATA.cs,6322B894568A8EFEA54DFEE0B9FD91F099CE9189A4DD120980628B7F940F2035,870
Win32\SP_DRVINSTALL_PARAMS.cs,D8DDD100C5633E6E5A12450508D5D56678C4D67CFFCFE457B0F62F3C1EDB7BDB,412
Win32\SP_PROPCHANGE_PARAMS.cs,189A1B874D8F66877EB89D03CF9B82E66A671286516622088634FAD178C060C5,355
Win32\SP_REMOVEDEVICE_PARAMS.cs,B64FD05D1816A76CDBC39263A81879A4A2E87E0BF90D1561F0C531328FFA6DB7,327
Win32\SW.cs,40E0E3B960ED479F66BDB9B8A8ACD8AF23987AC9010FA540DBE91BA10C91B0DD,2825
Win32\SYSTEMTIME.cs,6BA3C603D9E7B7BB9B1CE781EDF343ABD49191E45B9B581937C565F85ACA6B36,365
Win32\TOKEN_ELEVATION.cs,1174773E493BD8998C4E4FE499919507115D4520291B4588EE563D902BF9D46F,141
Win32\TOKEN_ELEVATION_TYPE.cs,59440E50493BBF93C1A59343D405311B3B0D14EE4C7540DCD0AB6957EA428728,498
Win32\TOKEN_INFORMATION_CLASS.cs,40703F4B56C8E66E8B989B633961A64F3FF3A2DEB0EB2E9B466D6D8BDE0C5BFD,856
Win32\TOKEN_MANDATORY_LABEL.cs,7E98707CEFD4CA400D56C0429377C49D6102F5B29F4DEC3E872A6E3A7ED0C8BF,317
Win32\UacHelper.Win32.cs,8A43F008227F5CB5247E0FCCB255D7B3FAD96E0971960BD1B0CB5ABC54A4AB6E,5108
Win32\WIN32_FIND_DATA.cs,6CB85D697251CB2029230750074D124E90B9EAA7457EB9D806BC3383CBFB6A5C,834
Win32\WinAPI.cs,B77E4B85072A4C459769E68362BB91C945768CF70D71C07E2BC6029A31ACDE7B,12973
Win32\WinNT.cs,CDAEFAA4B92F0A0519AF7732E211DDF76EC0D92A1CED1E89B02F89325B6067A3,3734
Windows\UacHelper.cs,344CEB6163876A6AA10EEBAA0FF8F4AF1B0DBF77EE2A0FB73A3A3E7208DAE83D,3612
